radius_bias_-1,vg_bias_-1,radius_bias_0,vg_bias_0,radius_bias_1,vg_bias_1
,,,,,
,,,,,
-3.8114973261491915e-05,5.786239970222795,0.00035441419257241456,31.280446603574177,0.00036918297246686747,71.57189466991736
-2.2249496533806486e-05,1.2785747599108532,-8.666236943011968e-05,21.539253352165574,2.448551523876949e-05,46.29200770195066
2.076605769233547e-05,0.24961615364816936,-3.480031711279759e-05,12.842252343217908,8.941976578487158e-05,23.240087639499272
-1.2332811152445874e-05,0.6302244191894601,7.014483184000601e-05,6.157295111000771,0.00016284807399281898,8.187414018294085
5.311828727925724e-06,0.005070107513699185,3.530244782318573e-05,0.005310549451849056,4.0703971715374404e-05,-0.3295639879179362
-1.974170420627336e-06,-0.22176984954810308,-0.0001559356865773881,-2.5143995140315845,-0.00019782293775508566,-4.094571235019316
1.545603287712513e-05,-0.12088766317304334,6.288731595428462e-05,-3.179711999050557,1.973000733498237e-05,-6.605396646109799
3.0477811794740045e-05,-0.08649229482562149,-7.237338411111849e-06,-1.4651291468598107,4.5054347910498255e-05,-6.718656213246403
-5.122760943834792e-05,0.004602362543989713,5.8562008298720936e-05,-0.7596792048948,1.679592049795564e-05,-3.8146408283941984
-5.596139739008979e-05,0.031130341416901075,-4.4992473549148454e-05,-0.2790792464847893,-2.3542668285161245e-05,-1.8747396012070467
5.503004408234646e-07,0.005689659919315915,-1.9544321955524552e-05,-0.15499059527442505,-7.082484680240309e-05,-1.1988395774503111
3.259241989938405e-05,-0.02384443621222765,-8.173784669423395e-05,-0.4092911142632074,-0.000215537847949282,-1.0296259918511357
4.286882669839176e-06,-0.05186844225672971,-0.0005881259325292848,-0.20328817589820236,-0.0004003020756378553,-0.04627211091888306
,,,,,
,,,,,
,,,,,
,,,,,
,,,,,
,,,,,
,,,,,
,,,,,
,,,,,
,,,,,
,,,,,
,,,,,
