radius_bias_-1,vg_bias_-1,radius_bias_0,vg_bias_0,radius_bias_1,vg_bias_1
,,,,,
,,,,,
0.00011212080693006211,6.168650895750744,0.0003550888937848256,35.584175211747194,3.595648350464189e-05,89.9517686922089
-7.482114473242405e-05,2.1284538836268894,-0.00012066019606469039,25.354635759531575,-2.54648752094069e-05,50.99014456953754
3.1893183506659373e-06,1.0719625844597687,-3.0413043569585407e-06,16.098353687868446,0.00010360310514746611,24.494426869866828
-8.801064076476017e-06,1.058893931177046,0.00013058118954055627,6.594357850907031,0.00015894479059153956,8.64872179320998
7.519702371346082e-06,-0.004323058003990354,5.904439668213447e-05,-0.13005817635696815,3.169759063455409e-05,-0.2738099958693674
-9.719819473978306e-06,-0.4413264594284172,-0.0001673362497221116,-2.921123625650175,-0.00023024913759066117,-4.183030969930503
-2.6239949713444122e-05,-0.034400652060877945,3.758416219565991e-05,-3.890053748650992,1.9473129486337337e-05,-7.1020136864897765
-5.3119551627903855e-05,-0.06270555538429434,0.00011352663709559424,-2.337275289695965,0.00015891019792844616,-7.49945866375986
-1.0204121259193427e-05,0.003223810347501299,7.94575555923202e-05,-0.9007536479755895,0.00013519491683312498,-5.418739929202637
3.398865200529913e-05,-0.056607885996928786,0.0001605225744689201,-0.8249312465674503,2.0708462922919973e-05,-2.7268304330189963
6.758590604968515e-05,-0.1613384653989538,7.657079399175579e-05,-0.7508629445142674,-0.0003151290889121007,-1.5560916349198326
7.3147760534728046e-06,0.08465150548669698,-8.206585329028834e-05,0.18968621284444076,-0.00025685490859300025,-1.2090366264347807
7.334221685415324e-05,-0.10737402537394303,-0.0002932360308060822,-1.5954158392170488,-0.00035262760681411404,-1.1354745581835886
,,,,,
,,,,,
,,,,,
,,,,,
,,,,,
,,,,,
,,,,,
,,,,,
,,,,,
,,,,,
,,,,,
,,,,,
