radius_bias_-1,vg_bias_-1,radius_bias_0,vg_bias_0,radius_bias_1,vg_bias_1
,,,,,
,,,,,
2.718226773200383e-05,-0.1655833277835086,,,0.00029255191653854845,80.92587233114232
2.127457829077719e-05,0.15013485706093377,-0.00024593298344853434,27.113844109107063,1.0771219139216887e-05,50.11470920030524
-1.2895276118238264e-06,0.06217153336960024,-0.00021664092464968206,15.653731877506068,0.00024144632581481543,22.292778560258043
2.1541612705832172e-05,0.0006910786157803273,0.00013209258021796427,5.19709660828083,0.00023188320497845132,7.1215557973944
1.05376287541821e-06,-0.024352843060750473,-2.2498215910457184e-05,-0.5861883066407039,-4.797358201096176e-05,-0.9689061691999186
8.6075146816713e-06,-0.08391706075429894,-0.00012152708183499859,-3.609622509304092,-0.0002518711119366881,-5.475297186836283
9.343644689609187e-06,-0.01709008238856491,0.00019270844050517724,-2.997736718499823,3.16818412636477e-05,-8.078916340179216
-7.501286196895385e-05,0.029432795139323176,-2.472452529892269e-05,-1.394345876137324,-5.226099393218844e-05,-7.29010654121301
-8.852224693840088e-06,0.015829118537993736,-0.00013422891258673894,-1.363251487356374,-5.8193476132367694e-05,-5.063010398656681
3.4543493449178814e-05,-0.05555272741436745,-0.00026125828609330215,-0.21577487248096006,-4.5450521744858086e-05,-3.110089509351649
6.090200512821886e-07,0.00014884787514723996,-0.00011999606446108646,-0.39466113026745653,-0.0007561483386433893,-2.099826230169163
,,,,-0.0004607887740076186,-1.7430731271205158
,,,,,
,,,,,
,,,,,
,,,,,
,,,,,
,,,,,
,,,,,
,,,,,
,,,,,
,,,,,
,,,,,
,,,,,
,,,,,
